[{"model": "admin.logentry", "pk": 1, "fields": {"action_time": "2025-09-05T19:43:18.283Z", "user": 6, "content_type": 14, "object_id": "4", "object_repr": "Profile for demo", "action_flag": 3, "change_message": ""}}, {"model": "admin.logentry", "pk": 2, "fields": {"action_time": "2025-09-05T19:43:25.901Z", "user": 6, "content_type": 14, "object_id": "2", "object_repr": "Profile for sampleuser", "action_flag": 3, "change_message": ""}}, {"model": "auth.permission", "pk": 1, "fields": {"name": "Can add log entry", "content_type": 1, "codename": "add_logentry"}}, {"model": "auth.permission", "pk": 2, "fields": {"name": "Can change log entry", "content_type": 1, "codename": "change_logentry"}}, {"model": "auth.permission", "pk": 3, "fields": {"name": "Can delete log entry", "content_type": 1, "codename": "delete_logentry"}}, {"model": "auth.permission", "pk": 4, "fields": {"name": "Can view log entry", "content_type": 1, "codename": "view_logentry"}}, {"model": "auth.permission", "pk": 5, "fields": {"name": "Can add permission", "content_type": 2, "codename": "add_permission"}}, {"model": "auth.permission", "pk": 6, "fields": {"name": "Can change permission", "content_type": 2, "codename": "change_permission"}}, {"model": "auth.permission", "pk": 7, "fields": {"name": "Can delete permission", "content_type": 2, "codename": "delete_permission"}}, {"model": "auth.permission", "pk": 8, "fields": {"name": "Can view permission", "content_type": 2, "codename": "view_permission"}}, {"model": "auth.permission", "pk": 9, "fields": {"name": "Can add group", "content_type": 3, "codename": "add_group"}}, {"model": "auth.permission", "pk": 10, "fields": {"name": "Can change group", "content_type": 3, "codename": "change_group"}}, {"model": "auth.permission", "pk": 11, "fields": {"name": "Can delete group", "content_type": 3, "codename": "delete_group"}}, {"model": "auth.permission", "pk": 12, "fields": {"name": "Can view group", "content_type": 3, "codename": "view_group"}}, {"model": "auth.permission", "pk": 13, "fields": {"name": "Can add user", "content_type": 4, "codename": "add_user"}}, {"model": "auth.permission", "pk": 14, "fields": {"name": "Can change user", "content_type": 4, "codename": "change_user"}}, {"model": "auth.permission", "pk": 15, "fields": {"name": "Can delete user", "content_type": 4, "codename": "delete_user"}}, {"model": "auth.permission", "pk": 16, "fields": {"name": "Can view user", "content_type": 4, "codename": "view_user"}}, {"model": "auth.permission", "pk": 17, "fields": {"name": "Can add content type", "content_type": 5, "codename": "add_contenttype"}}, {"model": "auth.permission", "pk": 18, "fields": {"name": "Can change content type", "content_type": 5, "codename": "change_contenttype"}}, {"model": "auth.permission", "pk": 19, "fields": {"name": "Can delete content type", "content_type": 5, "codename": "delete_contenttype"}}, {"model": "auth.permission", "pk": 20, "fields": {"name": "Can view content type", "content_type": 5, "codename": "view_contenttype"}}, {"model": "auth.permission", "pk": 21, "fields": {"name": "Can add session", "content_type": 6, "codename": "add_session"}}, {"model": "auth.permission", "pk": 22, "fields": {"name": "Can change session", "content_type": 6, "codename": "change_session"}}, {"model": "auth.permission", "pk": 23, "fields": {"name": "Can delete session", "content_type": 6, "codename": "delete_session"}}, {"model": "auth.permission", "pk": 24, "fields": {"name": "Can view session", "content_type": 6, "codename": "view_session"}}, {"model": "auth.permission", "pk": 25, "fields": {"name": "Can add category", "content_type": 7, "codename": "add_category"}}, {"model": "auth.permission", "pk": 26, "fields": {"name": "Can change category", "content_type": 7, "codename": "change_category"}}, {"model": "auth.permission", "pk": 27, "fields": {"name": "Can delete category", "content_type": 7, "codename": "delete_category"}}, {"model": "auth.permission", "pk": 28, "fields": {"name": "Can view category", "content_type": 7, "codename": "view_category"}}, {"model": "auth.permission", "pk": 29, "fields": {"name": "Can add product", "content_type": 8, "codename": "add_product"}}, {"model": "auth.permission", "pk": 30, "fields": {"name": "Can change product", "content_type": 8, "codename": "change_product"}}, {"model": "auth.permission", "pk": 31, "fields": {"name": "Can delete product", "content_type": 8, "codename": "delete_product"}}, {"model": "auth.permission", "pk": 32, "fields": {"name": "Can view product", "content_type": 8, "codename": "view_product"}}, {"model": "auth.permission", "pk": 33, "fields": {"name": "Can add product review", "content_type": 9, "codename": "add_productreview"}}, {"model": "auth.permission", "pk": 34, "fields": {"name": "Can change product review", "content_type": 9, "codename": "change_productreview"}}, {"model": "auth.permission", "pk": 35, "fields": {"name": "Can delete product review", "content_type": 9, "codename": "delete_productreview"}}, {"model": "auth.permission", "pk": 36, "fields": {"name": "Can view product review", "content_type": 9, "codename": "view_productreview"}}, {"model": "auth.permission", "pk": 37, "fields": {"name": "Can add cart", "content_type": 10, "codename": "add_cart"}}, {"model": "auth.permission", "pk": 38, "fields": {"name": "Can change cart", "content_type": 10, "codename": "change_cart"}}, {"model": "auth.permission", "pk": 39, "fields": {"name": "Can delete cart", "content_type": 10, "codename": "delete_cart"}}, {"model": "auth.permission", "pk": 40, "fields": {"name": "Can view cart", "content_type": 10, "codename": "view_cart"}}, {"model": "auth.permission", "pk": 41, "fields": {"name": "Can add cart item", "content_type": 11, "codename": "add_cartitem"}}, {"model": "auth.permission", "pk": 42, "fields": {"name": "Can change cart item", "content_type": 11, "codename": "change_cartitem"}}, {"model": "auth.permission", "pk": 43, "fields": {"name": "Can delete cart item", "content_type": 11, "codename": "delete_cartitem"}}, {"model": "auth.permission", "pk": 44, "fields": {"name": "Can view cart item", "content_type": 11, "codename": "view_cartitem"}}, {"model": "auth.permission", "pk": 45, "fields": {"name": "Can add order", "content_type": 12, "codename": "add_order"}}, {"model": "auth.permission", "pk": 46, "fields": {"name": "Can change order", "content_type": 12, "codename": "change_order"}}, {"model": "auth.permission", "pk": 47, "fields": {"name": "Can delete order", "content_type": 12, "codename": "delete_order"}}, {"model": "auth.permission", "pk": 48, "fields": {"name": "Can view order", "content_type": 12, "codename": "view_order"}}, {"model": "auth.permission", "pk": 49, "fields": {"name": "Can add order item", "content_type": 13, "codename": "add_orderitem"}}, {"model": "auth.permission", "pk": 50, "fields": {"name": "Can change order item", "content_type": 13, "codename": "change_orderitem"}}, {"model": "auth.permission", "pk": 51, "fields": {"name": "Can delete order item", "content_type": 13, "codename": "delete_orderitem"}}, {"model": "auth.permission", "pk": 52, "fields": {"name": "Can view order item", "content_type": 13, "codename": "view_orderitem"}}, {"model": "auth.permission", "pk": 53, "fields": {"name": "Can add user profile", "content_type": 14, "codename": "add_userprofile"}}, {"model": "auth.permission", "pk": 54, "fields": {"name": "Can change user profile", "content_type": 14, "codename": "change_userprofile"}}, {"model": "auth.permission", "pk": 55, "fields": {"name": "Can delete user profile", "content_type": 14, "codename": "delete_userprofile"}}, {"model": "auth.permission", "pk": 56, "fields": {"name": "Can view user profile", "content_type": 14, "codename": "view_userprofile"}}, {"model": "auth.permission", "pk": 57, "fields": {"name": "Can add product image", "content_type": 15, "codename": "add_productimage"}}, {"model": "auth.permission", "pk": 58, "fields": {"name": "Can change product image", "content_type": 15, "codename": "change_productimage"}}, {"model": "auth.permission", "pk": 59, "fields": {"name": "Can delete product image", "content_type": 15, "codename": "delete_productimage"}}, {"model": "auth.permission", "pk": 60, "fields": {"name": "Can view product image", "content_type": 15, "codename": "view_productimage"}}, {"model": "auth.user", "pk": 2, "fields": {"password": "pbkdf2_sha256$1000000$YR36XLPx88HsqeEsjZSTH3$UJIPybMEk9IijqBuGpa09QJBlsHI92uIGi99jIQ6MF0=", "last_login": null, "is_superuser": false, "username": "sampleuser", "first_name": "Sample", "last_name": "User", "email": "sample@example.com", "is_staff": false, "is_active": true, "date_joined": "2025-09-04T14:12:05.972Z", "groups": [], "user_permissions": []}}, {"model": "auth.user", "pk": 4, "fields": {"password": "pbkdf2_sha256$1000000$UsZFugU3xMMSqEy6NxClyv$trf7fbMXKM0rRJh2Egy1YSi/I/Ej+eOPvy8iB4OqiGs=", "last_login": "2025-09-05T17:35:21.888Z", "is_superuser": false, "username": "demo", "first_name": "", "last_name": "", "email": "", "is_staff": false, "is_active": true, "date_joined": "2025-09-05T05:06:30.015Z", "groups": [], "user_permissions": []}}, {"model": "auth.user", "pk": 6, "fields": {"password": "pbkdf2_sha256$1000000$cmm8RtOYFqzobyYbB3WUcV$f5kThFpcMSkW1WFeYm+ZXSvERZsm/Uuo+i0L6FhqoiQ=", "last_login": "2025-09-05T19:42:04.523Z", "is_superuser": true, "username": "test", "first_name": "", "last_name": "", "email": "test@gmail.com", "is_staff": true, "is_active": true, "date_joined": "2025-09-05T19:41:48.419Z", "groups": [], "user_permissions": []}}, {"model": "contenttypes.contenttype", "pk": 1, "fields": {"app_label": "admin", "model": "logentry"}}, {"model": "contenttypes.contenttype", "pk": 2, "fields": {"app_label": "auth", "model": "permission"}}, {"model": "contenttypes.contenttype", "pk": 3, "fields": {"app_label": "auth", "model": "group"}}, {"model": "contenttypes.contenttype", "pk": 4, "fields": {"app_label": "auth", "model": "user"}}, {"model": "contenttypes.contenttype", "pk": 5, "fields": {"app_label": "contenttypes", "model": "contenttype"}}, {"model": "contenttypes.contenttype", "pk": 6, "fields": {"app_label": "sessions", "model": "session"}}, {"model": "contenttypes.contenttype", "pk": 7, "fields": {"app_label": "products", "model": "category"}}, {"model": "contenttypes.contenttype", "pk": 8, "fields": {"app_label": "products", "model": "product"}}, {"model": "contenttypes.contenttype", "pk": 9, "fields": {"app_label": "products", "model": "productreview"}}, {"model": "contenttypes.contenttype", "pk": 10, "fields": {"app_label": "cart", "model": "cart"}}, {"model": "contenttypes.contenttype", "pk": 11, "fields": {"app_label": "cart", "model": "cartitem"}}, {"model": "contenttypes.contenttype", "pk": 12, "fields": {"app_label": "orders", "model": "order"}}, {"model": "contenttypes.contenttype", "pk": 13, "fields": {"app_label": "orders", "model": "orderitem"}}, {"model": "contenttypes.contenttype", "pk": 14, "fields": {"app_label": "accounts", "model": "userprofile"}}, {"model": "contenttypes.contenttype", "pk": 15, "fields": {"app_label": "products", "model": "productimage"}}, {"model": "sessions.session", "pk": "3jner7ivkb2egqnr9ipqsk9faqwgxt0h", "fields": {"session_data": "e30:1uuAk1:4Mbxucaw-S0eZ_cwRIyvpej2AT7-OrM5UEUIw8rLMzM", "expire_date": "2025-09-18T14:15:09.057Z"}}, {"model": "sessions.session", "pk": "f4th0lqu2trwo4tf95lklfh3ngc4p4we", "fields": {"session_data": ".eJxVjDsOwjAQBe_iGlmsN_EulPScwVr_cADZUpxUiLtDpBTQvpl5L-VkXYpbe5rdFNVZWXX43byER6obiHept6ZDq8s8eb0peqddX1tMz8vu_h0U6eVbI0fk0TAB-XGQ4wljCBkDAJM1AiyJKAkxW7QS0YNYIMCUzWC8zer9AcZgN0o:1uucJw:mM8icO2jAm8b8k2sgAO-_dZKIxjOnudLa43ap2OCJGg", "expire_date": "2025-09-19T19:42:04.534Z"}}, {"model": "sessions.session", "pk": "svtg18544ssjjw60s6hug6sdwt1gvfhh", "fields": {"session_data": "e30:1uuAjH:ThE7TqSZYHiIC3-2QZ5N33aZ-9VLtcumeEXsWAkRypA", "expire_date": "2025-09-18T14:14:23.800Z"}}, {"model": "sessions.session", "pk": "zhlngq3ln2dfh7hwol3azdcvhvo6yr7r", "fields": {"session_data": "e30:1uuAjs:bXnqaYq4KVmgvL7iITPbLLRwAiSRDBBErPxOshJhQ8w", "expire_date": "2025-09-18T14:15:00.887Z"}}, {"model": "products.category", "pk": 1, "fields": {"name": "Electronics", "slug": "electronics", "description": "Latest gadgets, smartphones, laptops, and electronic accessories for modern living.", "image": "", "is_active": true, "created_at": "2025-09-04T14:12:05.745Z", "updated_at": "2025-09-04T14:12:05.745Z"}}, {"model": "products.category", "pk": 2, "fields": {"name": "Fashion & Clothing", "slug": "fashion-clothing", "description": "Trendy clothing, shoes, and accessories for men, women, and kids.", "image": "", "is_active": true, "created_at": "2025-09-04T14:12:05.752Z", "updated_at": "2025-09-04T14:12:05.752Z"}}, {"model": "products.category", "pk": 3, "fields": {"name": "Home & Garden", "slug": "home-garden", "description": "Everything for your home, garden, furniture, and home improvement.", "image": "", "is_active": true, "created_at": "2025-09-04T14:12:05.757Z", "updated_at": "2025-09-04T14:12:05.757Z"}}, {"model": "products.category", "pk": 4, "fields": {"name": "Sports & Fitness", "slug": "sports-fitness", "description": "Sports equipment, fitness gear, and outdoor recreation products.", "image": "", "is_active": true, "created_at": "2025-09-04T14:12:05.761Z", "updated_at": "2025-09-04T14:12:05.761Z"}}, {"model": "products.category", "pk": 5, "fields": {"name": "Books & Media", "slug": "books-media", "description": "Books, audiobooks, movies, music, and educational materials.", "image": "", "is_active": true, "created_at": "2025-09-04T14:12:05.766Z", "updated_at": "2025-09-04T14:12:05.766Z"}}, {"model": "products.category", "pk": 6, "fields": {"name": "Health & Beauty", "slug": "health-beauty", "description": "Skincare, cosmetics, health supplements, and wellness products.", "image": "", "is_active": true, "created_at": "2025-09-04T14:12:05.771Z", "updated_at": "2025-09-04T14:12:05.771Z"}}, {"model": "products.category", "pk": 7, "fields": {"name": "Toys & Games", "slug": "toys-games", "description": "Toys, board games, video games, and entertainment for all ages.", "image": "", "is_active": true, "created_at": "2025-09-04T14:12:05.776Z", "updated_at": "2025-09-04T14:12:05.776Z"}}, {"model": "products.category", "pk": 8, "fields": {"name": "Automotive", "slug": "automotive", "description": "Car accessories, tools, and automotive maintenance products.", "image": "", "is_active": true, "created_at": "2025-09-04T14:12:05.781Z", "updated_at": "2025-09-04T14:12:05.781Z"}}, {"model": "products.product", "pk": 1, "fields": {"name": "iPhone 15 Pro Max", "slug": "iphone-15-pro-max", "category": 1, "description": "The latest iPhone with titanium design, A17 Pro chip, and advanced camera system. Features USB-C connectivity and action button.", "price": "1199.99", "compare_price": "1299.99", "image": "", "additional_images": [], "stock_quantity": 25, "sku": "PRDIPHONE-15-", "is_active": true, "is_featured": true, "weight": "0.50", "dimensions": "6.3 x 3.0 x 0.3 inches", "created_at": "2025-09-04T14:12:05.786Z", "updated_at": "2025-09-04T14:12:05.786Z"}}, {"model": "products.product", "pk": 2, "fields": {"name": "Samsung Galaxy S24 Ultra", "slug": "samsung-galaxy-s24-ultra", "category": 1, "description": "Premium Android smartphone with S Pen, 200MP camera, and AI-powered features. Perfect for productivity and creativity.", "price": "1099.99", "compare_price": "1199.99", "image": "", "additional_images": [], "stock_quantity": 18, "sku": "PRDSAMSUNG-GA", "is_active": true, "is_featured": true, "weight": "0.60", "dimensions": "6.4 x 3.1 x 0.3 inches", "created_at": "2025-09-04T14:12:05.793Z", "updated_at": "2025-09-04T14:12:05.793Z"}}, {"model": "products.product", "pk": 3, "fields": {"name": "MacBook Air M3", "slug": "macbook-air-m3", "category": 1, "description": "Ultra-thin laptop with Apple M3 chip, 13.6-inch Liquid Retina display, and all-day battery life. Perfect for students and professionals.", "price": "1299.99", "compare_price": null, "image": "", "additional_images": [], "stock_quantity": 12, "sku": "PRDMACBOOK-AI", "is_active": true, "is_featured": true, "weight": "2.70", "dimensions": "11.97 x 8.46 x 0.44 inches", "created_at": "2025-09-04T14:12:05.799Z", "updated_at": "2025-09-04T14:12:05.799Z"}}, {"model": "products.product", "pk": 4, "fields": {"name": "Sony WH-1000XM5 Headphones", "slug": "sony-wh-1000xm5-headphones", "category": 1, "description": "Industry-leading noise canceling wireless headphones with 30-hour battery life and premium sound quality.", "price": "399.99", "compare_price": "449.99", "image": "", "additional_images": [], "stock_quantity": 35, "sku": "PRDSONY-WH-10", "is_active": true, "is_featured": false, "weight": "0.50", "dimensions": "10.2 x 8.9 x 3.1 inches", "created_at": "2025-09-04T14:12:05.805Z", "updated_at": "2025-09-04T14:12:05.805Z"}}, {"model": "products.product", "pk": 5, "fields": {"name": "iPad Pro 12.9\"", "slug": "ipad-pro-129", "category": 1, "description": "The ultimate iPad experience with M2 chip, Liquid Retina XDR display, and support for Apple Pencil.", "price": "1099.99", "compare_price": null, "image": "", "additional_images": [], "stock_quantity": 22, "sku": "PRDIPAD-PRO-1", "is_active": true, "is_featured": false, "weight": "1.50", "dimensions": "11.04 x 8.46 x 0.25 inches", "created_at": "2025-09-04T14:12:05.812Z", "updated_at": "2025-09-04T14:12:05.812Z"}}, {"model": "products.product", "pk": 6, "fields": {"name": "Nike Air Jordan 1 Retro", "slug": "nike-air-jordan-1-retro", "category": 2, "description": "Iconic basketball shoes with premium leather construction and classic colorway. A timeless sneaker for style and comfort.", "price": "170.00", "compare_price": null, "image": "", "additional_images": [], "stock_quantity": 45, "sku": "PRDNIKE-AIR-J", "is_active": true, "is_featured": true, "weight": "2.00", "dimensions": "13 x 5 x 5 inches", "created_at": "2025-09-04T14:12:05.817Z", "updated_at": "2025-09-04T14:12:05.818Z"}}, {"model": "products.product", "pk": 7, "fields": {"name": "Levi's 501 Original Jeans", "slug": "levis-501-original-jeans", "category": 2, "description": "The original straight fit jeans. Made with premium denim and classic five-pocket styling.", "price": "59.99", "compare_price": "89.99", "image": "", "additional_images": [], "stock_quantity": 60, "sku": "PRDLEVIS-501-", "is_active": true, "is_featured": false, "weight": "1.20", "dimensions": "12 x 10 x 2 inches", "created_at": "2025-09-04T14:12:05.824Z", "updated_at": "2025-09-04T14:12:05.824Z"}}, {"model": "products.product", "pk": 8, "fields": {"name": "Patagonia Down Jacket", "slug": "patagonia-down-jacket", "category": 2, "description": "Lightweight, packable down jacket perfect for outdoor adventures. Water-resistant and ethically sourced.", "price": "229.99", "compare_price": null, "image": "", "additional_images": [], "stock_quantity": 28, "sku": "PRDPATAGONIA-", "is_active": true, "is_featured": true, "weight": "0.80", "dimensions": "14 x 12 x 4 inches", "created_at": "2025-09-04T14:12:05.830Z", "updated_at": "2025-09-04T14:12:05.830Z"}}, {"model": "products.product", "pk": 9, "fields": {"name": "Ray-Ban Aviator Sunglasses", "slug": "ray-ban-aviator-sunglasses", "category": 2, "description": "Classic aviator sunglasses with UV protection and iconic teardrop shape. A timeless accessory.", "price": "154.99", "compare_price": null, "image": "", "additional_images": [], "stock_quantity": 40, "sku": "PRDRAY-BAN-AV", "is_active": true, "is_featured": false, "weight": "0.10", "dimensions": "6 x 2 x 6 inches", "created_at": "2025-09-04T14:12:05.836Z", "updated_at": "2025-09-04T14:12:05.836Z"}}, {"model": "products.product", "pk": 10, "fields": {"name": "Dyson V15 Detect Vacuum", "slug": "dyson-v15-detect-vacuum", "category": 3, "description": "Advanced cordless vacuum with laser dust detection and powerful suction. Perfect for deep cleaning.", "price": "749.99", "compare_price": null, "image": "", "additional_images": [], "stock_quantity": 15, "sku": "PRDDYSON-V15-", "is_active": true, "is_featured": true, "weight": "6.80", "dimensions": "49.6 x 9.8 x 10.5 inches", "created_at": "2025-09-04T14:12:05.842Z", "updated_at": "2025-09-04T14:12:05.842Z"}}, {"model": "products.product", "pk": 11, "fields": {"name": "KitchenAid Stand Mixer", "slug": "kitchenaid-stand-mixer", "category": 3, "description": "Professional-grade stand mixer with multiple attachments. Perfect for baking and cooking enthusiasts.", "price": "379.99", "compare_price": "429.99", "image": "", "additional_images": [], "stock_quantity": 20, "sku": "PRDKITCHENAID", "is_active": true, "is_featured": false, "weight": "22.00", "dimensions": "14.1 x 8.7 x 14 inches", "created_at": "2025-09-04T14:12:05.848Z", "updated_at": "2025-09-04T14:12:05.848Z"}}, {"model": "products.product", "pk": 12, "fields": {"name": "Ninja Foodi Air Fryer", "slug": "ninja-foodi-air-fryer", "category": 3, "description": "8-in-1 countertop appliance with air frying, roasting, and dehydrating capabilities.", "price": "199.99", "compare_price": null, "image": "", "additional_images": [], "stock_quantity": 32, "sku": "PRDNINJA-FOOD", "is_active": true, "is_featured": false, "weight": "18.50", "dimensions": "15.75 x 13.5 x 12.25 inches", "created_at": "2025-09-04T14:12:05.855Z", "updated_at": "2025-09-04T14:12:05.855Z"}}, {"model": "products.product", "pk": 13, "fields": {"name": "Philips Hue Smart Bulbs (4-Pack)", "slug": "philips-hue-smart-bulbs-4-pack", "category": 3, "description": "Color-changing smart LED bulbs that sync with your home automation system.", "price": "179.99", "compare_price": null, "image": "", "additional_images": [], "stock_quantity": 50, "sku": "PRDPHILIPS-HU", "is_active": true, "is_featured": false, "weight": "0.80", "dimensions": "8 x 6 x 4 inches", "created_at": "2025-09-04T14:12:05.862Z", "updated_at": "2025-09-04T14:12:05.862Z"}}, {"model": "products.product", "pk": 14, "fields": {"name": "Peloton Bike+", "slug": "peloton-bike", "category": 4, "description": "Premium indoor cycling bike with rotating HD touchscreen and access to thousands of classes.", "price": "2495.00", "compare_price": null, "image": "", "additional_images": [], "stock_quantity": 8, "sku": "PRDPELOTON-BI", "is_active": true, "is_featured": true, "weight": "135.00", "dimensions": "59 x 23 x 53 inches", "created_at": "2025-09-04T14:12:05.869Z", "updated_at": "2025-09-04T14:12:05.869Z"}}, {"model": "products.product", "pk": 15, "fields": {"name": "Apple Watch Series 9", "slug": "apple-watch-series-9", "category": 4, "description": "Advanced health and fitness tracking with ECG, blood oxygen monitoring, and GPS.", "price": "399.99", "compare_price": null, "image": "", "additional_images": [], "stock_quantity": 30, "sku": "PRDAPPLE-WATC", "is_active": true, "is_featured": true, "weight": "0.10", "dimensions": "1.7 x 1.5 x 0.4 inches", "created_at": "2025-09-04T14:12:05.876Z", "updated_at": "2025-09-04T14:12:05.876Z"}}, {"model": "products.product", "pk": 16, "fields": {"name": "Bowflex Adjustable Dumbbells", "slug": "bowflex-adjustable-dumbbells", "category": 4, "description": "Space-saving adjustable dumbbells that replace 15 sets of weights. Perfect for home workouts.", "price": "549.99", "compare_price": null, "image": "", "additional_images": [], "stock_quantity": 12, "sku": "PRDBOWFLEX-AD", "is_active": true, "is_featured": false, "weight": "52.50", "dimensions": "16.9 x 8.3 x 9 inches", "created_at": "2025-09-04T14:12:05.883Z", "updated_at": "2025-09-04T14:12:05.883Z"}}, {"model": "products.product", "pk": 17, "fields": {"name": "Yeti Rambler Water Bottle", "slug": "yeti-rambler-water-bottle", "category": 4, "description": "Insulated stainless steel water bottle that keeps drinks cold for 24 hours or hot for 12 hours.", "price": "44.99", "compare_price": null, "image": "", "additional_images": [], "stock_quantity": 85, "sku": "PRDYETI-RAMBL", "is_active": true, "is_featured": false, "weight": "1.10", "dimensions": "11.1 x 3.5 x 3.5 inches", "created_at": "2025-09-04T14:12:05.889Z", "updated_at": "2025-09-04T14:12:05.889Z"}}, {"model": "products.product", "pk": 18, "fields": {"name": "Atomic Habits by James Clear", "slug": "atomic-habits-by-james-clear", "category": 5, "description": "A proven framework for improving every day. Learn how to build good habits and break bad ones.", "price": "18.99", "compare_price": null, "image": "", "additional_images": [], "stock_quantity": 75, "sku": "PRDATOMIC-HAB", "is_active": true, "is_featured": true, "weight": "0.80", "dimensions": "8.4 x 5.5 x 1.2 inches", "created_at": "2025-09-04T14:12:05.894Z", "updated_at": "2025-09-04T14:12:05.894Z"}}, {"model": "products.product", "pk": 19, "fields": {"name": "The Psychology of Money", "slug": "the-psychology-of-money", "category": 5, "description": "Timeless lessons on wealth, greed, and happiness by Morgan Housel.", "price": "16.99", "compare_price": null, "image": "", "additional_images": [], "stock_quantity": 60, "sku": "PRDTHE-PSYCHO", "is_active": true, "is_featured": false, "weight": "0.70", "dimensions": "8.3 x 5.5 x 0.9 inches", "created_at": "2025-09-04T14:12:05.901Z", "updated_at": "2025-09-04T14:12:05.901Z"}}, {"model": "products.product", "pk": 20, "fields": {"name": "Kindle Paperwhite (11th Gen)", "slug": "kindle-paperwhite-11th-gen", "category": 5, "description": "6.8\" display, adjustable warm light, waterproof design, and weeks of battery life.", "price": "139.99", "compare_price": null, "image": "", "additional_images": [], "stock_quantity": 25, "sku": "PRDKINDLE-PAP", "is_active": true, "is_featured": false, "weight": "0.50", "dimensions": "6.9 x 4.9 x 0.32 inches", "created_at": "2025-09-04T14:12:05.911Z", "updated_at": "2025-09-04T14:12:05.911Z"}}, {"model": "products.product", "pk": 21, "fields": {"name": "Olaplex Hair Treatment Set", "slug": "olaplex-hair-treatment-set", "category": 6, "description": "Professional-grade hair repair treatment that strengthens and restores damaged hair.", "price": "89.99", "compare_price": null, "image": "", "additional_images": [], "stock_quantity": 40, "sku": "PRDOLAPLEX-HA", "is_active": true, "is_featured": true, "weight": "1.20", "dimensions": "8 x 6 x 3 inches", "created_at": "2025-09-04T14:12:05.917Z", "updated_at": "2025-09-04T14:12:05.917Z"}}, {"model": "products.product", "pk": 22, "fields": {"name": "Vitamin D3 Supplements (120 Count)", "slug": "vitamin-d3-supplements-120-count", "category": 6, "description": "High-potency vitamin D3 for immune system support and bone health.", "price": "24.99", "compare_price": null, "image": "", "additional_images": [], "stock_quantity": 120, "sku": "PRDVITAMIN-D3", "is_active": true, "is_featured": false, "weight": "0.30", "dimensions": "4 x 2 x 2 inches", "created_at": "2025-09-04T14:12:05.923Z", "updated_at": "2025-09-04T14:12:05.923Z"}}, {"model": "products.product", "pk": 23, "fields": {"name": "Cetaphil Gentle Skin Cleanser", "slug": "cetaphil-gentle-skin-cleanser", "category": 6, "description": "Dermatologist-recommended gentle cleanser for sensitive skin. Fragrance-free and non-comedogenic.", "price": "13.99", "compare_price": null, "image": "", "additional_images": [], "stock_quantity": 95, "sku": "PRDCETAPHIL-G", "is_active": true, "is_featured": false, "weight": "1.10", "dimensions": "7.5 x 3 x 3 inches", "created_at": "2025-09-04T14:12:05.932Z", "updated_at": "2025-09-04T14:12:05.932Z"}}, {"model": "products.product", "pk": 24, "fields": {"name": "LEGO Creator Expert Set", "slug": "lego-creator-expert-set", "category": 7, "description": "Advanced building set for adult LEGO enthusiasts. Features intricate details and premium pieces.", "price": "279.99", "compare_price": null, "image": "", "additional_images": [], "stock_quantity": 18, "sku": "PRDLEGO-CREAT", "is_active": true, "is_featured": true, "weight": "4.20", "dimensions": "15.04 x 20.47 x 3.58 inches", "created_at": "2025-09-04T14:12:05.938Z", "updated_at": "2025-09-04T14:12:05.938Z"}}, {"model": "products.product", "pk": 25, "fields": {"name": "Nintendo Switch OLED", "slug": "nintendo-switch-oled", "category": 7, "description": "Gaming console with vibrant OLED screen, enhanced audio, and versatile play modes.", "price": "349.99", "compare_price": null, "image": "", "additional_images": [], "stock_quantity": 22, "sku": "PRDNINTENDO-S", "is_active": true, "is_featured": true, "weight": "0.93", "dimensions": "9.53 x 4.02 x 0.55 inches", "created_at": "2025-09-04T14:12:05.944Z", "updated_at": "2025-09-04T14:12:05.944Z"}}, {"model": "products.product", "pk": 26, "fields": {"name": "Monopoly Classic Board Game", "slug": "monopoly-classic-board-game", "category": 7, "description": "The classic property trading game that brings families together for hours of fun.", "price": "19.99", "compare_price": null, "image": "", "additional_images": [], "stock_quantity": 55, "sku": "PRDMONOPOLY-C", "is_active": true, "is_featured": false, "weight": "2.40", "dimensions": "15.75 x 10.5 x 2 inches", "created_at": "2025-09-04T14:12:05.951Z", "updated_at": "2025-09-04T14:12:05.951Z"}}, {"model": "products.product", "pk": 27, "fields": {"name": "Tesla Model 3 Floor Mats", "slug": "tesla-model-3-floor-mats", "category": 8, "description": "Custom-fit all-weather floor mats designed specifically for Tesla Model 3. Durable and easy to clean.", "price": "149.99", "compare_price": null, "image": "", "additional_images": [], "stock_quantity": 35, "sku": "PRDTESLA-MODE", "is_active": true, "is_featured": false, "weight": "8.50", "dimensions": "24 x 18 x 2 inches", "created_at": "2025-09-04T14:12:05.958Z", "updated_at": "2025-09-04T14:12:05.958Z"}}, {"model": "products.product", "pk": 28, "fields": {"name": "Garmin DashCam 67W", "slug": "garmin-dashcam-67w", "category": 8, "description": "Wide-angle dash camera with GPS, voice control, and automatic incident detection.", "price": "199.99", "compare_price": null, "image": "", "additional_images": [], "stock_quantity": 28, "sku": "PRDGARMIN-DAS", "is_active": true, "is_featured": false, "weight": "0.50", "dimensions": "4.1 x 2.3 x 1.6 inches", "created_at": "2025-09-04T14:12:05.966Z", "updated_at": "2025-09-04T14:12:05.966Z"}}, {"model": "products.product", "pk": 29, "fields": {"name": "Sample Smartphone", "slug": "sample-smartphone", "category": 1, "description": "A high-quality smartphone with amazing features", "price": "599.99", "compare_price": null, "image": "", "additional_images": [], "stock_quantity": 10, "sku": "PRDSAMPLE-SMA", "is_active": true, "is_featured": true, "weight": null, "dimensions": "", "created_at": "2025-09-05T04:07:13.338Z", "updated_at": "2025-09-05T04:07:13.338Z"}}, {"model": "products.product", "pk": 30, "fields": {"name": "Sample Laptop", "slug": "sample-laptop", "category": 1, "description": "Powerful laptop for work and gaming", "price": "1299.99", "compare_price": null, "image": "", "additional_images": [], "stock_quantity": 5, "sku": "PRDSAMPLE-LAP", "is_active": true, "is_featured": true, "weight": null, "dimensions": "", "created_at": "2025-09-05T04:07:13.527Z", "updated_at": "2025-09-05T04:07:13.527Z"}}, {"model": "products.productreview", "pk": 1, "fields": {"product": 1, "user": 2, "rating": 5, "title": "Excellent Product!", "comment": "This product exceeded my expectations. Great quality and fast shipping!", "is_verified_purchase": true, "created_at": "2025-09-04T14:12:06.392Z", "updated_at": "2025-09-04T14:12:06.392Z"}}, {"model": "products.productreview", "pk": 2, "fields": {"product": 2, "user": 2, "rating": 5, "title": "Excellent Product!", "comment": "This product exceeded my expectations. Great quality and fast shipping!", "is_verified_purchase": true, "created_at": "2025-09-04T14:12:06.400Z", "updated_at": "2025-09-04T14:12:06.400Z"}}, {"model": "products.productreview", "pk": 3, "fields": {"product": 3, "user": 2, "rating": 5, "title": "Excellent Product!", "comment": "This product exceeded my expectations. Great quality and fast shipping!", "is_verified_purchase": true, "created_at": "2025-09-04T14:12:06.407Z", "updated_at": "2025-09-04T14:12:06.407Z"}}, {"model": "products.productreview", "pk": 4, "fields": {"product": 6, "user": 2, "rating": 5, "title": "Excellent Product!", "comment": "This product exceeded my expectations. Great quality and fast shipping!", "is_verified_purchase": true, "created_at": "2025-09-04T14:12:06.416Z", "updated_at": "2025-09-04T14:12:06.416Z"}}, {"model": "products.productreview", "pk": 5, "fields": {"product": 8, "user": 2, "rating": 5, "title": "Excellent Product!", "comment": "This product exceeded my expectations. Great quality and fast shipping!", "is_verified_purchase": true, "created_at": "2025-09-04T14:12:06.423Z", "updated_at": "2025-09-04T14:12:06.423Z"}}, {"model": "products.productreview", "pk": 6, "fields": {"product": 10, "user": 2, "rating": 5, "title": "Excellent Product!", "comment": "This product exceeded my expectations. Great quality and fast shipping!", "is_verified_purchase": true, "created_at": "2025-09-04T14:12:06.430Z", "updated_at": "2025-09-04T14:12:06.430Z"}}, {"model": "products.productreview", "pk": 7, "fields": {"product": 14, "user": 2, "rating": 5, "title": "Excellent Product!", "comment": "This product exceeded my expectations. Great quality and fast shipping!", "is_verified_purchase": true, "created_at": "2025-09-04T14:12:06.437Z", "updated_at": "2025-09-04T14:12:06.437Z"}}, {"model": "products.productreview", "pk": 8, "fields": {"product": 15, "user": 2, "rating": 5, "title": "Excellent Product!", "comment": "This product exceeded my expectations. Great quality and fast shipping!", "is_verified_purchase": true, "created_at": "2025-09-04T14:12:06.445Z", "updated_at": "2025-09-04T14:12:06.445Z"}}, {"model": "products.productreview", "pk": 9, "fields": {"product": 18, "user": 2, "rating": 5, "title": "Excellent Product!", "comment": "This product exceeded my expectations. Great quality and fast shipping!", "is_verified_purchase": true, "created_at": "2025-09-04T14:12:06.452Z", "updated_at": "2025-09-04T14:12:06.452Z"}}, {"model": "products.productreview", "pk": 10, "fields": {"product": 21, "user": 2, "rating": 5, "title": "Excellent Product!", "comment": "This product exceeded my expectations. Great quality and fast shipping!", "is_verified_purchase": true, "created_at": "2025-09-04T14:12:06.459Z", "updated_at": "2025-09-04T14:12:06.459Z"}}, {"model": "products.productimage", "pk": 1, "fields": {"product": 29, "image": "products/29/sample-smartphone_0.jpg", "thumbnail": "products/thumbnails/thumb_sample-smartphone_0.jpg", "alt_text": "Sample Smartphone - Image 1", "is_primary": true, "order": 0, "created_at": "2025-09-05T04:07:13.436Z"}}, {"model": "products.productimage", "pk": 2, "fields": {"product": 29, "image": "products/29/sample-smartphone_1.jpg", "thumbnail": "products/thumbnails/thumb_sample-smartphone_1.jpg", "alt_text": "Sample Smartphone - Image 2", "is_primary": false, "order": 1, "created_at": "2025-09-05T04:07:13.469Z"}}, {"model": "products.productimage", "pk": 3, "fields": {"product": 29, "image": "products/29/sample-smartphone_2.jpg", "thumbnail": "products/thumbnails/thumb_sample-smartphone_2.jpg", "alt_text": "Sample Smartphone - Image 3", "is_primary": false, "order": 2, "created_at": "2025-09-05T04:07:13.501Z"}}, {"model": "products.productimage", "pk": 4, "fields": {"product": 30, "image": "products/30/sample-laptop_0.jpg", "thumbnail": "products/thumbnails/thumb_sample-laptop_0.jpg", "alt_text": "Sample Laptop - Image 1", "is_primary": true, "order": 0, "created_at": "2025-09-05T04:07:13.537Z"}}, {"model": "products.productimage", "pk": 5, "fields": {"product": 30, "image": "products/30/sample-laptop_1.jpg", "thumbnail": "products/thumbnails/thumb_sample-laptop_1.jpg", "alt_text": "Sample Laptop - Image 2", "is_primary": false, "order": 1, "created_at": "2025-09-05T04:07:13.571Z"}}, {"model": "products.productimage", "pk": 6, "fields": {"product": 30, "image": "products/30/sample-laptop_2.jpg", "thumbnail": "products/thumbnails/thumb_sample-laptop_2.jpg", "alt_text": "Sample Laptop - Image 3", "is_primary": false, "order": 2, "created_at": "2025-09-05T04:07:13.604Z"}}, {"model": "products.productimage", "pk": 7, "fields": {"product": 1, "image": "products/1/iphone-15-pro-max_0.jpg", "thumbnail": "products/thumbnails/thumb_iphone-15-pro-max_0.jpg", "alt_text": "iPhone 15 Pro Max - Image 1", "is_primary": true, "order": 0, "created_at": "2025-09-05T04:13:20.385Z"}}, {"model": "products.productimage", "pk": 8, "fields": {"product": 1, "image": "products/1/iphone-15-pro-max_1.jpg", "thumbnail": "products/thumbnails/thumb_iphone-15-pro-max_1.jpg", "alt_text": "iPhone 15 Pro Max - Image 2", "is_primary": false, "order": 1, "created_at": "2025-09-05T04:13:21.229Z"}}, {"model": "products.productimage", "pk": 9, "fields": {"product": 1, "image": "products/1/iphone-15-pro-max_2.jpg", "thumbnail": "products/thumbnails/thumb_iphone-15-pro-max_2.jpg", "alt_text": "iPhone 15 Pro Max - Image 3", "is_primary": false, "order": 2, "created_at": "2025-09-05T04:13:22.258Z"}}, {"model": "products.productimage", "pk": 10, "fields": {"product": 2, "image": "products/2/samsung-galaxy-s24-ultra_0.jpg", "thumbnail": "products/thumbnails/thumb_samsung-galaxy-s24-ultra_0.jpg", "alt_text": "Samsung Galaxy S24 Ultra - Image 1", "is_primary": true, "order": 0, "created_at": "2025-09-05T04:13:23.032Z"}}, {"model": "products.productimage", "pk": 11, "fields": {"product": 2, "image": "products/2/samsung-galaxy-s24-ultra_1.jpg", "thumbnail": "products/thumbnails/thumb_samsung-galaxy-s24-ultra_1.jpg", "alt_text": "Samsung Galaxy S24 Ultra - Image 2", "is_primary": false, "order": 1, "created_at": "2025-09-05T04:13:24.673Z"}}, {"model": "products.productimage", "pk": 12, "fields": {"product": 2, "image": "products/2/samsung-galaxy-s24-ultra_2.jpg", "thumbnail": "products/thumbnails/thumb_samsung-galaxy-s24-ultra_2.jpg", "alt_text": "Samsung Galaxy S24 Ultra - Image 3", "is_primary": false, "order": 2, "created_at": "2025-09-05T04:13:26.572Z"}}, {"model": "products.productimage", "pk": 13, "fields": {"product": 3, "image": "products/3/macbook-air-m3_0.jpg", "thumbnail": "products/thumbnails/thumb_macbook-air-m3_0.jpg", "alt_text": "MacBook Air M3 - Image 1", "is_primary": true, "order": 0, "created_at": "2025-09-05T04:13:27.351Z"}}, {"model": "products.productimage", "pk": 14, "fields": {"product": 3, "image": "products/3/macbook-air-m3_1.jpg", "thumbnail": "products/thumbnails/thumb_macbook-air-m3_1.jpg", "alt_text": "MacBook Air M3 - Image 2", "is_primary": false, "order": 1, "created_at": "2025-09-05T04:13:28.953Z"}}, {"model": "products.productimage", "pk": 15, "fields": {"product": 3, "image": "products/3/macbook-air-m3_2.jpg", "thumbnail": "products/thumbnails/thumb_macbook-air-m3_2.jpg", "alt_text": "MacBook Air M3 - Image 3", "is_primary": false, "order": 2, "created_at": "2025-09-05T04:13:30.707Z"}}, {"model": "products.productimage", "pk": 16, "fields": {"product": 4, "image": "products/4/sony-wh-1000xm5-headphones_0.jpg", "thumbnail": "products/thumbnails/thumb_sony-wh-1000xm5-headphones_0.jpg", "alt_text": "Sony WH-1000XM5 Headphones - Image 1", "is_primary": true, "order": 0, "created_at": "2025-09-05T04:13:31.435Z"}}, {"model": "products.productimage", "pk": 17, "fields": {"product": 4, "image": "products/4/sony-wh-1000xm5-headphones_1.jpg", "thumbnail": "products/thumbnails/thumb_sony-wh-1000xm5-headphones_1.jpg", "alt_text": "Sony WH-1000XM5 Headphones - Image 2", "is_primary": false, "order": 1, "created_at": "2025-09-05T04:13:33.577Z"}}, {"model": "products.productimage", "pk": 18, "fields": {"product": 4, "image": "products/4/sony-wh-1000xm5-headphones_2.jpg", "thumbnail": "products/thumbnails/thumb_sony-wh-1000xm5-headphones_2.jpg", "alt_text": "Sony WH-1000XM5 Headphones - Image 3", "is_primary": false, "order": 2, "created_at": "2025-09-05T04:13:35.480Z"}}, {"model": "products.productimage", "pk": 19, "fields": {"product": 5, "image": "products/5/ipad-pro-129_0.jpg", "thumbnail": "products/thumbnails/thumb_ipad-pro-129_0.jpg", "alt_text": "iPad Pro 12.9\" - Image 1", "is_primary": true, "order": 0, "created_at": "2025-09-05T04:13:37.606Z"}}, {"model": "products.productimage", "pk": 20, "fields": {"product": 5, "image": "products/5/ipad-pro-129_1.jpg", "thumbnail": "products/thumbnails/thumb_ipad-pro-129_1.jpg", "alt_text": "iPad Pro 12.9\" - Image 2", "is_primary": false, "order": 1, "created_at": "2025-09-05T04:13:39.407Z"}}, {"model": "products.productimage", "pk": 21, "fields": {"product": 5, "image": "products/5/ipad-pro-129_2.jpg", "thumbnail": "products/thumbnails/thumb_ipad-pro-129_2.jpg", "alt_text": "iPad Pro 12.9\" - Image 3", "is_primary": false, "order": 2, "created_at": "2025-09-05T04:13:41.461Z"}}, {"model": "products.productimage", "pk": 22, "fields": {"product": 6, "image": "products/6/nike-air-jordan-1-retro_0.jpg", "thumbnail": "products/thumbnails/thumb_nike-air-jordan-1-retro_0.jpg", "alt_text": "Nike Air Jordan 1 Retro - Image 1", "is_primary": true, "order": 0, "created_at": "2025-09-05T04:13:42.084Z"}}, {"model": "products.productimage", "pk": 23, "fields": {"product": 6, "image": "products/6/nike-air-jordan-1-retro_1.jpg", "thumbnail": "products/thumbnails/thumb_nike-air-jordan-1-retro_1.jpg", "alt_text": "Nike Air Jordan 1 Retro - Image 2", "is_primary": false, "order": 1, "created_at": "2025-09-05T04:13:43.948Z"}}, {"model": "products.productimage", "pk": 24, "fields": {"product": 6, "image": "products/6/nike-air-jordan-1-retro_2.jpg", "thumbnail": "products/thumbnails/thumb_nike-air-jordan-1-retro_2.jpg", "alt_text": "Nike Air Jordan 1 Retro - Image 3", "is_primary": false, "order": 2, "created_at": "2025-09-05T04:13:46.103Z"}}, {"model": "products.productimage", "pk": 25, "fields": {"product": 7, "image": "products/7/levis-501-original-jeans_0.jpg", "thumbnail": "products/thumbnails/thumb_levis-501-original-jeans_0.jpg", "alt_text": "Levi's 501 Original Jeans - Image 1", "is_primary": true, "order": 0, "created_at": "2025-09-05T04:13:46.774Z"}}, {"model": "products.productimage", "pk": 26, "fields": {"product": 7, "image": "products/7/levis-501-original-jeans_1.jpg", "thumbnail": "products/thumbnails/thumb_levis-501-original-jeans_1.jpg", "alt_text": "Levi's 501 Original Jeans - Image 2", "is_primary": false, "order": 1, "created_at": "2025-09-05T04:13:48.602Z"}}, {"model": "products.productimage", "pk": 27, "fields": {"product": 7, "image": "products/7/levis-501-original-jeans_2.jpg", "thumbnail": "products/thumbnails/thumb_levis-501-original-jeans_2.jpg", "alt_text": "Levi's 501 Original Jeans - Image 3", "is_primary": false, "order": 2, "created_at": "2025-09-05T04:13:50.214Z"}}, {"model": "products.productimage", "pk": 28, "fields": {"product": 9, "image": "products/9/ray-ban-aviator-sunglasses_0.jpg", "thumbnail": "products/thumbnails/thumb_ray-ban-aviator-sunglasses_0.jpg", "alt_text": "Ray-Ban Aviator Sunglasses - Image 1", "is_primary": true, "order": 0, "created_at": "2025-09-05T04:13:53.804Z"}}, {"model": "products.productimage", "pk": 29, "fields": {"product": 9, "image": "products/9/ray-ban-aviator-sunglasses_1.jpg", "thumbnail": "products/thumbnails/thumb_ray-ban-aviator-sunglasses_1.jpg", "alt_text": "Ray-Ban Aviator Sunglasses - Image 2", "is_primary": false, "order": 1, "created_at": "2025-09-05T04:13:55.430Z"}}, {"model": "products.productimage", "pk": 30, "fields": {"product": 9, "image": "products/9/ray-ban-aviator-sunglasses_2.jpg", "thumbnail": "products/thumbnails/thumb_ray-ban-aviator-sunglasses_2.jpg", "alt_text": "Ray-Ban Aviator Sunglasses - Image 3", "is_primary": false, "order": 2, "created_at": "2025-09-05T04:13:58.447Z"}}, {"model": "products.productimage", "pk": 31, "fields": {"product": 11, "image": "products/11/kitchenaid-stand-mixer_0.jpg", "thumbnail": "products/thumbnails/thumb_kitchenaid-stand-mixer_0.jpg", "alt_text": "KitchenAid Stand Mixer - Image 1", "is_primary": true, "order": 0, "created_at": "2025-09-05T04:14:02.306Z"}}, {"model": "products.productimage", "pk": 32, "fields": {"product": 11, "image": "products/11/kitchenaid-stand-mixer_1.jpg", "thumbnail": "products/thumbnails/thumb_kitchenaid-stand-mixer_1.jpg", "alt_text": "KitchenAid Stand Mixer - Image 2", "is_primary": false, "order": 1, "created_at": "2025-09-05T04:14:03.919Z"}}, {"model": "products.productimage", "pk": 33, "fields": {"product": 11, "image": "products/11/kitchenaid-stand-mixer_2.jpg", "thumbnail": "products/thumbnails/thumb_kitchenaid-stand-mixer_2.jpg", "alt_text": "KitchenAid Stand Mixer - Image 3", "is_primary": false, "order": 2, "created_at": "2025-09-05T04:14:05.718Z"}}, {"model": "products.productimage", "pk": 34, "fields": {"product": 12, "image": "products/12/ninja-foodi-air-fryer_0.jpg", "thumbnail": "products/thumbnails/thumb_ninja-foodi-air-fryer_0.jpg", "alt_text": "Ninja Foodi Air Fryer - Image 1", "is_primary": true, "order": 0, "created_at": "2025-09-05T04:14:07.529Z"}}, {"model": "products.productimage", "pk": 35, "fields": {"product": 12, "image": "products/12/ninja-foodi-air-fryer_1.jpg", "thumbnail": "products/thumbnails/thumb_ninja-foodi-air-fryer_1.jpg", "alt_text": "Ninja Foodi Air Fryer - Image 2", "is_primary": false, "order": 1, "created_at": "2025-09-05T04:14:09.489Z"}}, {"model": "products.productimage", "pk": 36, "fields": {"product": 12, "image": "products/12/ninja-foodi-air-fryer_2.jpg", "thumbnail": "products/thumbnails/thumb_ninja-foodi-air-fryer_2.jpg", "alt_text": "Ninja Foodi Air Fryer - Image 3", "is_primary": false, "order": 2, "created_at": "2025-09-05T04:14:11.377Z"}}, {"model": "products.productimage", "pk": 37, "fields": {"product": 13, "image": "products/13/philips-hue-smart-bulbs-4-pack_0.jpg", "thumbnail": "products/thumbnails/thumb_philips-hue-smart-bulbs-4-pack_0.jpg", "alt_text": "Philips Hue Smart Bulbs (4-Pack) - Image 1", "is_primary": true, "order": 0, "created_at": "2025-09-05T04:14:12.917Z"}}, {"model": "products.productimage", "pk": 38, "fields": {"product": 13, "image": "products/13/philips-hue-smart-bulbs-4-pack_1.jpg", "thumbnail": "products/thumbnails/thumb_philips-hue-smart-bulbs-4-pack_1.jpg", "alt_text": "Philips Hue Smart Bulbs (4-Pack) - Image 2", "is_primary": false, "order": 1, "created_at": "2025-09-05T04:14:14.512Z"}}, {"model": "products.productimage", "pk": 39, "fields": {"product": 13, "image": "products/13/philips-hue-smart-bulbs-4-pack_2.jpg", "thumbnail": "products/thumbnails/thumb_philips-hue-smart-bulbs-4-pack_2.jpg", "alt_text": "Philips Hue Smart Bulbs (4-Pack) - Image 3", "is_primary": false, "order": 2, "created_at": "2025-09-05T04:14:16.453Z"}}, {"model": "products.productimage", "pk": 40, "fields": {"product": 14, "image": "products/14/peloton-bike_0.jpg", "thumbnail": "products/thumbnails/thumb_peloton-bike_0.jpg", "alt_text": "Peloton Bike+ - Image 1", "is_primary": true, "order": 0, "created_at": "2025-09-05T04:14:17.289Z"}}, {"model": "products.productimage", "pk": 41, "fields": {"product": 14, "image": "products/14/peloton-bike_1.jpg", "thumbnail": "products/thumbnails/thumb_peloton-bike_1.jpg", "alt_text": "Peloton Bike+ - Image 2", "is_primary": false, "order": 1, "created_at": "2025-09-05T04:14:18.403Z"}}, {"model": "products.productimage", "pk": 42, "fields": {"product": 14, "image": "products/14/peloton-bike_2.jpg", "thumbnail": "products/thumbnails/thumb_peloton-bike_2.jpg", "alt_text": "Peloton Bike+ - Image 3", "is_primary": false, "order": 2, "created_at": "2025-09-05T04:14:19.002Z"}}, {"model": "products.productimage", "pk": 43, "fields": {"product": 15, "image": "products/15/apple-watch-series-9_0.jpg", "thumbnail": "products/thumbnails/thumb_apple-watch-series-9_0.jpg", "alt_text": "Apple Watch Series 9 - Image 1", "is_primary": true, "order": 0, "created_at": "2025-09-05T04:14:20.974Z"}}, {"model": "products.productimage", "pk": 44, "fields": {"product": 15, "image": "products/15/apple-watch-series-9_1.jpg", "thumbnail": "products/thumbnails/thumb_apple-watch-series-9_1.jpg", "alt_text": "Apple Watch Series 9 - Image 2", "is_primary": false, "order": 1, "created_at": "2025-09-05T04:14:22.712Z"}}, {"model": "products.productimage", "pk": 45, "fields": {"product": 15, "image": "products/15/apple-watch-series-9_2.jpg", "thumbnail": "products/thumbnails/thumb_apple-watch-series-9_2.jpg", "alt_text": "Apple Watch Series 9 - Image 3", "is_primary": false, "order": 2, "created_at": "2025-09-05T04:14:24.437Z"}}, {"model": "products.productimage", "pk": 46, "fields": {"product": 16, "image": "products/16/bowflex-adjustable-dumbbells_0.jpg", "thumbnail": "products/thumbnails/thumb_bowflex-adjustable-dumbbells_0.jpg", "alt_text": "Bowflex Adjustable Dumbbells - Image 1", "is_primary": true, "order": 0, "created_at": "2025-09-05T04:14:26.506Z"}}, {"model": "products.productimage", "pk": 47, "fields": {"product": 16, "image": "products/16/bowflex-adjustable-dumbbells_1.jpg", "thumbnail": "products/thumbnails/thumb_bowflex-adjustable-dumbbells_1.jpg", "alt_text": "Bowflex Adjustable Dumbbells - Image 2", "is_primary": false, "order": 1, "created_at": "2025-09-05T04:14:28.444Z"}}, {"model": "products.productimage", "pk": 48, "fields": {"product": 16, "image": "products/16/bowflex-adjustable-dumbbells_2.jpg", "thumbnail": "products/thumbnails/thumb_bowflex-adjustable-dumbbells_2.jpg", "alt_text": "Bowflex Adjustable Dumbbells - Image 3", "is_primary": false, "order": 2, "created_at": "2025-09-05T04:14:30.494Z"}}, {"model": "products.productimage", "pk": 49, "fields": {"product": 17, "image": "products/17/yeti-rambler-water-bottle_0.jpg", "thumbnail": "products/thumbnails/thumb_yeti-rambler-water-bottle_0.jpg", "alt_text": "Yeti Rambler Water Bottle - Image 1", "is_primary": true, "order": 0, "created_at": "2025-09-05T04:14:31.798Z"}}, {"model": "products.productimage", "pk": 50, "fields": {"product": 17, "image": "products/17/yeti-rambler-water-bottle_1.jpg", "thumbnail": "products/thumbnails/thumb_yeti-rambler-water-bottle_1.jpg", "alt_text": "Yeti Rambler Water Bottle - Image 2", "is_primary": false, "order": 1, "created_at": "2025-09-05T04:14:33.011Z"}}, {"model": "products.productimage", "pk": 51, "fields": {"product": 17, "image": "products/17/yeti-rambler-water-bottle_2.jpg", "thumbnail": "products/thumbnails/thumb_yeti-rambler-water-bottle_2.jpg", "alt_text": "Yeti Rambler Water Bottle - Image 3", "is_primary": false, "order": 2, "created_at": "2025-09-05T04:14:34.351Z"}}, {"model": "products.productimage", "pk": 52, "fields": {"product": 18, "image": "products/18/atomic-habits-by-james-clear_0.jpg", "thumbnail": "products/thumbnails/thumb_atomic-habits-by-james-clear_0.jpg", "alt_text": "Atomic Habits by James Clear - Image 1", "is_primary": true, "order": 0, "created_at": "2025-09-05T04:14:34.973Z"}}, {"model": "products.productimage", "pk": 53, "fields": {"product": 18, "image": "products/18/atomic-habits-by-james-clear_1.jpg", "thumbnail": "products/thumbnails/thumb_atomic-habits-by-james-clear_1.jpg", "alt_text": "Atomic Habits by James Clear - Image 2", "is_primary": false, "order": 1, "created_at": "2025-09-05T04:14:36.612Z"}}, {"model": "products.productimage", "pk": 54, "fields": {"product": 18, "image": "products/18/atomic-habits-by-james-clear_2.jpg", "thumbnail": "products/thumbnails/thumb_atomic-habits-by-james-clear_2.jpg", "alt_text": "Atomic Habits by James Clear - Image 3", "is_primary": false, "order": 2, "created_at": "2025-09-05T04:14:38.502Z"}}, {"model": "products.productimage", "pk": 55, "fields": {"product": 19, "image": "products/19/the-psychology-of-money_0.jpg", "thumbnail": "products/thumbnails/thumb_the-psychology-of-money_0.jpg", "alt_text": "The Psychology of Money - Image 1", "is_primary": true, "order": 0, "created_at": "2025-09-05T04:14:39.179Z"}}, {"model": "products.productimage", "pk": 56, "fields": {"product": 19, "image": "products/19/the-psychology-of-money_1.jpg", "thumbnail": "products/thumbnails/thumb_the-psychology-of-money_1.jpg", "alt_text": "The Psychology of Money - Image 2", "is_primary": false, "order": 1, "created_at": "2025-09-05T04:14:41.114Z"}}, {"model": "products.productimage", "pk": 57, "fields": {"product": 19, "image": "products/19/the-psychology-of-money_2.jpg", "thumbnail": "products/thumbnails/thumb_the-psychology-of-money_2.jpg", "alt_text": "The Psychology of Money - Image 3", "is_primary": false, "order": 2, "created_at": "2025-09-05T04:14:43.087Z"}}, {"model": "products.productimage", "pk": 58, "fields": {"product": 20, "image": "products/20/kindle-paperwhite-11th-gen_0.jpg", "thumbnail": "products/thumbnails/thumb_kindle-paperwhite-11th-gen_0.jpg", "alt_text": "Kindle Paperwhite (11th Gen) - Image 1", "is_primary": true, "order": 0, "created_at": "2025-09-05T04:14:43.691Z"}}, {"model": "products.productimage", "pk": 59, "fields": {"product": 20, "image": "products/20/kindle-paperwhite-11th-gen_1.jpg", "thumbnail": "products/thumbnails/thumb_kindle-paperwhite-11th-gen_1.jpg", "alt_text": "Kindle Paperwhite (11th Gen) - Image 2", "is_primary": false, "order": 1, "created_at": "2025-09-05T04:14:44.372Z"}}, {"model": "products.productimage", "pk": 60, "fields": {"product": 20, "image": "products/20/kindle-paperwhite-11th-gen_2.jpg", "thumbnail": "products/thumbnails/thumb_kindle-paperwhite-11th-gen_2.jpg", "alt_text": "Kindle Paperwhite (11th Gen) - Image 3", "is_primary": false, "order": 2, "created_at": "2025-09-05T04:14:44.924Z"}}, {"model": "products.productimage", "pk": 61, "fields": {"product": 21, "image": "products/21/olaplex-hair-treatment-set_0.jpg", "thumbnail": "products/thumbnails/thumb_olaplex-hair-treatment-set_0.jpg", "alt_text": "Olaplex Hair Treatment Set - Image 1", "is_primary": true, "order": 0, "created_at": "2025-09-05T04:14:45.662Z"}}, {"model": "products.productimage", "pk": 62, "fields": {"product": 21, "image": "products/21/olaplex-hair-treatment-set_1.jpg", "thumbnail": "products/thumbnails/thumb_olaplex-hair-treatment-set_1.jpg", "alt_text": "Olaplex Hair Treatment Set - Image 2", "is_primary": false, "order": 1, "created_at": "2025-09-05T04:14:47.123Z"}}, {"model": "products.productimage", "pk": 63, "fields": {"product": 21, "image": "products/21/olaplex-hair-treatment-set_2.jpg", "thumbnail": "products/thumbnails/thumb_olaplex-hair-treatment-set_2.jpg", "alt_text": "Olaplex Hair Treatment Set - Image 3", "is_primary": false, "order": 2, "created_at": "2025-09-05T04:14:48.588Z"}}, {"model": "products.productimage", "pk": 64, "fields": {"product": 22, "image": "products/22/vitamin-d3-supplements-120-count_0.jpg", "thumbnail": "products/thumbnails/thumb_vitamin-d3-supplements-120-count_0.jpg", "alt_text": "Vitamin D3 Supplements (120 Count) - Image 1", "is_primary": true, "order": 0, "created_at": "2025-09-05T04:14:49.346Z"}}, {"model": "products.productimage", "pk": 65, "fields": {"product": 22, "image": "products/22/vitamin-d3-supplements-120-count_1.jpg", "thumbnail": "products/thumbnails/thumb_vitamin-d3-supplements-120-count_1.jpg", "alt_text": "Vitamin D3 Supplements (120 Count) - Image 2", "is_primary": false, "order": 1, "created_at": "2025-09-05T04:14:50.835Z"}}, {"model": "products.productimage", "pk": 66, "fields": {"product": 22, "image": "products/22/vitamin-d3-supplements-120-count_2.jpg", "thumbnail": "products/thumbnails/thumb_vitamin-d3-supplements-120-count_2.jpg", "alt_text": "Vitamin D3 Supplements (120 Count) - Image 3", "is_primary": false, "order": 2, "created_at": "2025-09-05T04:14:52.606Z"}}, {"model": "products.productimage", "pk": 67, "fields": {"product": 23, "image": "products/23/cetaphil-gentle-skin-cleanser_0.jpg", "thumbnail": "products/thumbnails/thumb_cetaphil-gentle-skin-cleanser_0.jpg", "alt_text": "Cetaphil Gentle Skin Cleanser - Image 1", "is_primary": true, "order": 0, "created_at": "2025-09-05T04:14:53.286Z"}}, {"model": "products.productimage", "pk": 68, "fields": {"product": 23, "image": "products/23/cetaphil-gentle-skin-cleanser_1.jpg", "thumbnail": "products/thumbnails/thumb_cetaphil-gentle-skin-cleanser_1.jpg", "alt_text": "Cetaphil Gentle Skin Cleanser - Image 2", "is_primary": false, "order": 1, "created_at": "2025-09-05T04:14:54.774Z"}}, {"model": "products.productimage", "pk": 69, "fields": {"product": 23, "image": "products/23/cetaphil-gentle-skin-cleanser_2.jpg", "thumbnail": "products/thumbnails/thumb_cetaphil-gentle-skin-cleanser_2.jpg", "alt_text": "Cetaphil Gentle Skin Cleanser - Image 3", "is_primary": false, "order": 2, "created_at": "2025-09-05T04:14:56.398Z"}}, {"model": "products.productimage", "pk": 70, "fields": {"product": 24, "image": "products/24/lego-creator-expert-set_0.jpg", "thumbnail": "products/thumbnails/thumb_lego-creator-expert-set_0.jpg", "alt_text": "LEGO Creator Expert Set - Image 1", "is_primary": true, "order": 0, "created_at": "2025-09-05T04:14:58.313Z"}}, {"model": "products.productimage", "pk": 71, "fields": {"product": 24, "image": "products/24/lego-creator-expert-set_1.jpg", "thumbnail": "products/thumbnails/thumb_lego-creator-expert-set_1.jpg", "alt_text": "LEGO Creator Expert Set - Image 2", "is_primary": false, "order": 1, "created_at": "2025-09-05T04:15:00.149Z"}}, {"model": "products.productimage", "pk": 72, "fields": {"product": 24, "image": "products/24/lego-creator-expert-set_2.jpg", "thumbnail": "products/thumbnails/thumb_lego-creator-expert-set_2.jpg", "alt_text": "LEGO Creator Expert Set - Image 3", "is_primary": false, "order": 2, "created_at": "2025-09-05T04:15:02.483Z"}}, {"model": "products.productimage", "pk": 73, "fields": {"product": 25, "image": "products/25/nintendo-switch-oled_0.jpg", "thumbnail": "products/thumbnails/thumb_nintendo-switch-oled_0.jpg", "alt_text": "Nintendo Switch OLED - Image 1", "is_primary": true, "order": 0, "created_at": "2025-09-05T04:15:04.086Z"}}, {"model": "products.productimage", "pk": 74, "fields": {"product": 25, "image": "products/25/nintendo-switch-oled_1.jpg", "thumbnail": "products/thumbnails/thumb_nintendo-switch-oled_1.jpg", "alt_text": "Nintendo Switch OLED - Image 2", "is_primary": false, "order": 1, "created_at": "2025-09-05T04:15:05.307Z"}}, {"model": "products.productimage", "pk": 75, "fields": {"product": 25, "image": "products/25/nintendo-switch-oled_2.jpg", "thumbnail": "products/thumbnails/thumb_nintendo-switch-oled_2.jpg", "alt_text": "Nintendo Switch OLED - Image 3", "is_primary": false, "order": 2, "created_at": "2025-09-05T04:15:06.659Z"}}, {"model": "products.productimage", "pk": 76, "fields": {"product": 26, "image": "products/26/monopoly-classic-board-game_0.jpg", "thumbnail": "products/thumbnails/thumb_monopoly-classic-board-game_0.jpg", "alt_text": "Monopoly Classic Board Game - Image 1", "is_primary": true, "order": 0, "created_at": "2025-09-05T04:15:09.262Z"}}, {"model": "products.productimage", "pk": 77, "fields": {"product": 26, "image": "products/26/monopoly-classic-board-game_1.jpg", "thumbnail": "products/thumbnails/thumb_monopoly-classic-board-game_1.jpg", "alt_text": "Monopoly Classic Board Game - Image 2", "is_primary": false, "order": 1, "created_at": "2025-09-05T04:15:12.020Z"}}, {"model": "products.productimage", "pk": 78, "fields": {"product": 26, "image": "products/26/monopoly-classic-board-game_2.jpg", "thumbnail": "products/thumbnails/thumb_monopoly-classic-board-game_2.jpg", "alt_text": "Monopoly Classic Board Game - Image 3", "is_primary": false, "order": 2, "created_at": "2025-09-05T04:15:14.495Z"}}, {"model": "products.productimage", "pk": 79, "fields": {"product": 27, "image": "products/27/tesla-model-3-floor-mats_0.jpg", "thumbnail": "products/thumbnails/thumb_tesla-model-3-floor-mats_0.jpg", "alt_text": "Tesla Model 3 Floor Mats - Image 1", "is_primary": true, "order": 0, "created_at": "2025-09-05T04:15:15.670Z"}}, {"model": "products.productimage", "pk": 80, "fields": {"product": 27, "image": "products/27/tesla-model-3-floor-mats_1.jpg", "thumbnail": "products/thumbnails/thumb_tesla-model-3-floor-mats_1.jpg", "alt_text": "Tesla Model 3 Floor Mats - Image 2", "is_primary": false, "order": 1, "created_at": "2025-09-05T04:15:17.976Z"}}, {"model": "products.productimage", "pk": 81, "fields": {"product": 27, "image": "products/27/tesla-model-3-floor-mats_2.jpg", "thumbnail": "products/thumbnails/thumb_tesla-model-3-floor-mats_2.jpg", "alt_text": "Tesla Model 3 Floor Mats - Image 3", "is_primary": false, "order": 2, "created_at": "2025-09-05T04:15:20.047Z"}}, {"model": "products.productimage", "pk": 82, "fields": {"product": 28, "image": "products/28/garmin-dashcam-67w_0.jpg", "thumbnail": "products/thumbnails/thumb_garmin-dashcam-67w_0.jpg", "alt_text": "Garmin DashCam 67W - Image 1", "is_primary": true, "order": 0, "created_at": "2025-09-05T04:15:21.743Z"}}, {"model": "products.productimage", "pk": 83, "fields": {"product": 28, "image": "products/28/garmin-dashcam-67w_1.jpg", "thumbnail": "products/thumbnails/thumb_garmin-dashcam-67w_1.jpg", "alt_text": "Garmin DashCam 67W - Image 2", "is_primary": false, "order": 1, "created_at": "2025-09-05T04:15:23.235Z"}}, {"model": "products.productimage", "pk": 84, "fields": {"product": 28, "image": "products/28/garmin-dashcam-67w_2.jpg", "thumbnail": "products/thumbnails/thumb_garmin-dashcam-67w_2.jpg", "alt_text": "Garmin DashCam 67W - Image 3", "is_primary": false, "order": 2, "created_at": "2025-09-05T04:15:24.938Z"}}, {"model": "products.productimage", "pk": 85, "fields": {"product": 10, "image": "products/10/dyson-v15-detect-vacuum_0.jpg", "thumbnail": "products/thumbnails/thumb_dyson-v15-detect-vacuum_0.jpg", "alt_text": "Dyson V15 Detect Vacuum - Placeholder", "is_primary": true, "order": 0, "created_at": "2025-09-05T04:15:57.132Z"}}, {"model": "products.productimage", "pk": 86, "fields": {"product": 10, "image": "products/10/dyson-v15-detect-vacuum_1.jpg", "thumbnail": "products/thumbnails/thumb_dyson-v15-detect-vacuum_1.jpg", "alt_text": "Dyson V15 Detect Vacuum - Image 2", "is_primary": false, "order": 1, "created_at": "2025-09-05T04:16:02.232Z"}}, {"model": "products.productimage", "pk": 87, "fields": {"product": 10, "image": "products/10/dyson-v15-detect-vacuum_2.jpg", "thumbnail": "products/thumbnails/thumb_dyson-v15-detect-vacuum_2.jpg", "alt_text": "Dyson V15 Detect Vacuum - Image 3", "is_primary": false, "order": 2, "created_at": "2025-09-05T04:16:04.076Z"}}, {"model": "products.productimage", "pk": 88, "fields": {"product": 8, "image": "products/8/patagonia-down-jacket_0.jpg", "thumbnail": "products/thumbnails/thumb_patagonia-down-jacket_0.jpg", "alt_text": "Patagonia Down Jacket - Image 1", "is_primary": true, "order": 0, "created_at": "2025-09-05T04:16:06.093Z"}}, {"model": "cart.cart", "pk": 1, "fields": {"user": null, "session_key": "svtg18544ssjjw60s6hug6sdwt1gvfhh", "created_at": "2025-09-04T14:14:23.807Z", "updated_at": "2025-09-04T14:14:23.807Z"}}, {"model": "cart.cart", "pk": 2, "fields": {"user": null, "session_key": "zhlngq3ln2dfh7hwol3azdcvhvo6yr7r", "created_at": "2025-09-04T14:15:00.896Z", "updated_at": "2025-09-04T14:15:00.896Z"}}, {"model": "cart.cart", "pk": 3, "fields": {"user": null, "session_key": "3jner7ivkb2egqnr9ipqsk9faqwgxt0h", "created_at": "2025-09-04T14:15:09.065Z", "updated_at": "2025-09-04T14:15:09.065Z"}}, {"model": "cart.cart", "pk": 4, "fields": {"user": null, "session_key": "h3tbo2shoeno90od544pjhxu8l1b2ac2", "created_at": "2025-09-04T14:18:13.222Z", "updated_at": "2025-09-04T14:18:13.222Z"}}, {"model": "cart.cart", "pk": 5, "fields": {"user": 4, "session_key": null, "created_at": "2025-09-05T05:06:57.709Z", "updated_at": "2025-09-05T05:06:57.709Z"}}, {"model": "cart.cart", "pk": 6, "fields": {"user": null, "session_key": "vs8m1z1jarj8pyvtomcpuvncwfi50ui2", "created_at": "2025-09-05T17:34:39.817Z", "updated_at": "2025-09-05T17:34:39.817Z"}}, {"model": "cart.cartitem", "pk": 11, "fields": {"cart": 4, "product": 25, "quantity": 17, "created_at": "2025-09-05T05:04:54.985Z", "updated_at": "2025-09-05T05:05:27.760Z"}}, {"model": "cart.cartitem", "pk": 12, "fields": {"cart": 4, "product": 14, "quantity": 1, "created_at": "2025-09-05T05:05:36.375Z", "updated_at": "2025-09-05T05:05:36.375Z"}}, {"model": "cart.cartitem", "pk": 20, "fields": {"cart": 6, "product": 20, "quantity": 1, "created_at": "2025-09-05T17:34:39.822Z", "updated_at": "2025-09-05T17:34:39.822Z"}}, {"model": "orders.order", "pk": 1, "fields": {"order_number": "8806e2e3-fdd6-4786-b1c4-59d89701b762", "user": 4, "billing_first_name": "demo", "billing_last_name": "demo", "billing_email": "demo@gmail.com", "billing_phone": "123456789", "billing_address_line_1": "demo", "billing_address_line_2": "demo", "billing_city": "demo", "billing_state": "demo", "billing_postal_code": "123456", "billing_country": "US", "shipping_first_name": "demo", "shipping_last_name": "demo", "shipping_address_line_1": "demo", "shipping_address_line_2": "demo", "shipping_city": "demo", "shipping_state": "demo", "shipping_postal_code": "123456", "shipping_country": "US", "subtotal": "349.99", "shipping_cost": "9.99", "tax_amount": "28.80", "total_amount": "388.78", "order_status": "processing", "payment_status": "paid", "payment_method": "paypal", "payment_transaction_id": "", "order_notes": "demo order", "tracking_number": "", "created_at": "2025-09-05T05:23:07.001Z", "updated_at": "2025-09-05T05:23:07.001Z"}}, {"model": "orders.order", "pk": 2, "fields": {"order_number": "a6bb1ca4-d468-424d-8b99-4ac827a776ff", "user": 4, "billing_first_name": "demo", "billing_last_name": "demo", "billing_email": "demo@gmail.com", "billing_phone": "demo", "billing_address_line_1": "demo", "billing_address_line_2": "demo", "billing_city": "demo", "billing_state": "demo", "billing_postal_code": "demo", "billing_country": "US", "shipping_first_name": "demo", "shipping_last_name": "demo", "shipping_address_line_1": "demo", "shipping_address_line_2": "demo", "shipping_city": "demo", "shipping_state": "demo", "shipping_postal_code": "demo", "shipping_country": "US", "subtotal": "2999.85", "shipping_cost": "9.99", "tax_amount": "240.79", "total_amount": "3250.63", "order_status": "processing", "payment_status": "paid", "payment_method": "paypal", "payment_transaction_id": "", "order_notes": "34", "tracking_number": "", "created_at": "2025-09-05T10:04:41.431Z", "updated_at": "2025-09-05T10:04:41.431Z"}}, {"model": "orders.orderitem", "pk": 1, "fields": {"order": 1, "product": 25, "product_name": "Nintendo Switch OLED", "product_price": "349.99", "quantity": 1, "total_price": "349.99"}}, {"model": "orders.orderitem", "pk": 2, "fields": {"order": 2, "product": 28, "product_name": "Garmin DashCam 67W", "product_price": "199.99", "quantity": 15, "total_price": "2999.85"}}, {"model": "accounts.userprofile", "pk": 6, "fields": {"user": 6, "phone": "", "date_of_birth": null, "avatar": "", "default_shipping_address_line_1": "", "default_shipping_address_line_2": "", "default_shipping_city": "", "default_shipping_state": "", "default_shipping_postal_code": "", "default_shipping_country": "", "default_billing_address_line_1": "", "default_billing_address_line_2": "", "default_billing_city": "", "default_billing_state": "", "default_billing_postal_code": "", "default_billing_country": "", "newsletter_subscription": false, "email_notifications": true, "created_at": "2025-09-05T19:41:48.824Z", "updated_at": "2025-09-05T19:42:04.528Z"}}]